"First Name","Last Name",Email,Phone,File,Username,Password
John,Doe,john.doe@example.com,1234567890,users.csv,john_doe,$2y$10$roKjVrOB.eSyNCYEIhqdX.frSWXWdfPPM4B47erVnYeNfxDG9oeee
Jane,Smith,jane.smith@example.com,1234567891,users.csv,jane_smith,$2y$10$vZCLJnzZjm/niTKMCJsvPuKSpILNFx9QXebs4E5A/jPw7jPerjKym
Alice,Johnson,alice.johnson@example.com,1234567892,users.csv,alice_johnson,$2y$10$ZWkoTnZzlWQoSQAF5A8hGumBauLSgjYjMsB52A7iLwbDPOWmIvCjG
rahul,Johnson,rahul.johnson@example.com,1234567845,users.csv,rahul,$2y$10$DhPfCXWyoG5r0leu6F/jRe/HDyJjRC96WnJEWaJYMnV0NCQDE1BrG
rahul,Johnson,rahul.abc@example.com,1234567845,users.csv,abc,$2y$10$eV7UIsDnCjdf/yg4LEnPO.mUNVmHifxtKWAC0C61q/gu5k4.8rSFK
test,testing,test@example.com,12345678934,users.csv,test123,"test
"
admin,admin,admin@gmail.com,9265614292,admin.txt,admin,admin
